{"cameraMode":{"drawMode":0,"name":"Shaded","section":"Shading Mode"},"sceneLighting":false,"audioPlay":false,"sceneViewState":{"showFog":true,"showMaterialUpdate":false,"showSkybox":false,"showFlares":true,"showImageEffects":true,"showParticleSystems":true},"in2DMode":false,"pivot":{"x":0.000026702880859375,"y":48.50008773803711,"z":-1.4249763488769532},"rotation":{"x":-0.2578734755516052,"y":-0.05880003422498703,"z":0.01571984402835369,"w":-0.9642839431762695},"size":711.202392578125,"orthographic":false}