{"cameraMode":{"drawMode":0,"name":"Shaded","section":"Shading Mode"},"sceneLighting":false,"audioPlay":false,"sceneViewState":{"showFog":true,"showMaterialUpdate":false,"showSkybox":false,"showFlares":true,"showImageEffects":true,"showParticleSystems":true},"in2DMode":false,"pivot":{"x":0.0,"y":0.5000001192092896,"z":-5.960464477539063e-8},"rotation":{"x":-0.0841929167509079,"y":0.020024428144097329,"z":-0.0016924056690186263,"w":-0.9962463974952698},"size":3.2660255432128908,"orthographic":false}