{"cameraMode":{"drawMode":0,"name":"Shaded","section":"Shading Mode"},"sceneLighting":true,"audioPlay":false,"sceneViewState":{"showFog":true,"showMaterialUpdate":false,"showSkybox":true,"showFlares":true,"showImageEffects":true,"showParticleSystems":true},"in2DMode":false,"pivot":{"x":3.311028480529785,"y":11.894824981689454,"z":-26.15142059326172},"rotation":{"x":-0.2578734755516052,"y":-0.05880003422498703,"z":0.01571984402835369,"w":-0.9642839431762695},"size":20.870264053344728,"orthographic":false}