{"cameraMode":{"drawMode":0,"name":"Shaded","section":"Shading Mode"},"sceneLighting":false,"audioPlay":false,"sceneViewState":{"showFog":true,"showMaterialUpdate":false,"showSkybox":false,"showFlares":true,"showImageEffects":true,"showParticleSystems":true},"in2DMode":false,"pivot":{"x":-0.6889970302581787,"y":0.5144411325454712,"z":-2.960555076599121},"rotation":{"x":0.4201521575450897,"y":0.07742665708065033,"z":-0.036009788513183597,"w":0.9034303426742554},"size":0.8443321585655212,"orthographic":false}