{"cameraMode":{"drawMode":0,"name":"Shaded","section":"Shading Mode"},"sceneLighting":true,"audioPlay":false,"sceneViewState":{"showFog":true,"showMaterialUpdate":false,"showSkybox":true,"showFlares":true,"showImageEffects":true,"showParticleSystems":true},"in2DMode":false,"pivot":{"x":-1.8456966876983643,"y":-0.5771352052688599,"z":-1.9680914878845215},"rotation":{"x":-0.12584133446216584,"y":-0.045521363615989688,"z":0.005780554376542568,"w":-0.99098801612854},"size":3.891174077987671,"orthographic":false}