{"cameraMode":{"drawMode":0,"name":"Shaded","section":"Shading Mode"},"sceneLighting":false,"audioPlay":false,"sceneViewState":{"showFog":true,"showMaterialUpdate":false,"showSkybox":false,"showFlares":true,"showImageEffects":true,"showParticleSystems":true},"in2DMode":false,"pivot":{"x":180.42022705078126,"y":114.50019073486328,"z":-20.731460571289064},"rotation":{"x":0.021788038313388826,"y":0.9351365566253662,"z":-0.3487889766693115,"w":0.058427631855010989},"size":10.0,"orthographic":false}