{"cameraMode":{"drawMode":0,"name":"Shaded","section":"Shading Mode"},"sceneLighting":false,"audioPlay":false,"sceneViewState":{"showFog":true,"showMaterialUpdate":false,"showSkybox":false,"showFlares":true,"showImageEffects":true,"showParticleSystems":true},"in2DMode":false,"pivot":{"x":182.70335388183595,"y":168.07086181640626,"z":49.28205871582031},"rotation":{"x":0.1107473373413086,"y":-0.02146657183766365,"z":0.002395257353782654,"w":0.9936274886131287},"size":124.54225158691406,"orthographic":false}