{"cameraMode":{"drawMode":0,"name":"Shaded","section":"Shading Mode"},"sceneLighting":true,"audioPlay":false,"sceneViewState":{"showFog":true,"showMaterialUpdate":false,"showSkybox":true,"showFlares":true,"showImageEffects":true,"showParticleSystems":true},"in2DMode":false,"pivot":{"x":3.135486364364624,"y":5.918444633483887,"z":1.1260095834732056},"rotation":{"x":-0.30837368965148928,"y":0.5068787336349487,"z":-0.200287327170372,"w":-0.7797999382019043},"size":5.365445137023926,"orthographic":false}