{"cameraMode":{"drawMode":0,"name":"Shaded","section":"Shading Mode"},"sceneLighting":false,"audioPlay":false,"sceneViewState":{"showFog":true,"showMaterialUpdate":false,"showSkybox":false,"showFlares":true,"showImageEffects":true,"showParticleSystems":true},"in2DMode":false,"pivot":{"x":202.03997802734376,"y":156.21929931640626,"z":-6.41754150390625},"rotation":{"x":-0.034491702914237979,"y":-0.011094548739492894,"z":-0.0003860908036585897,"w":0.9993556141853333},"size":258.9032287597656,"orthographic":false}