{"cameraMode":{"drawMode":0,"name":"Shaded","section":"Shading Mode"},"sceneLighting":false,"audioPlay":false,"sceneViewState":{"showFog":true,"showMaterialUpdate":false,"showSkybox":false,"showFlares":true,"showImageEffects":true,"showParticleSystems":true},"in2DMode":false,"pivot":{"x":0.0,"y":0.5000001192092896,"z":-5.960464477539063e-8},"rotation":{"x":-0.09590800106525421,"y":-0.07250170409679413,"z":0.006995453964918852,"w":-0.9927352070808411},"size":4.513967990875244,"orthographic":false}