{"cameraMode":{"drawMode":0,"name":"Shaded","section":"Shading Mode"},"sceneLighting":true,"audioPlay":false,"sceneViewState":{"showFog":true,"showMaterialUpdate":false,"showSkybox":true,"showFlares":true,"showImageEffects":true,"showParticleSystems":true},"in2DMode":false,"pivot":{"x":0.031443119049072269,"y":3.7251620292663576,"z":-11.839860916137696},"rotation":{"x":0.2620011866092682,"y":-0.05266278609633446,"z":0.014319841749966145,"w":0.9635245203971863},"size":1.7514948844909669,"orthographic":false}