{"cameraMode":{"drawMode":0,"name":"Shaded","section":"Shading Mode"},"sceneLighting":false,"audioPlay":false,"sceneViewState":{"showFog":true,"showMaterialUpdate":false,"showSkybox":false,"showFlares":true,"showImageEffects":true,"showParticleSystems":true},"in2DMode":false,"pivot":{"x":0.2109375,"y":1.5991222858428956,"z":-8.11899185180664},"rotation":{"x":0.07093168795108795,"y":0.8845838904380798,"z":-0.1432085931301117,"w":0.4381536841392517},"size":2.916461706161499,"orthographic":true}